"{'name': '香阳楼大酒店(扬子江大道店)', 'location': {'lat': 32.00591019809253, 'lng': 118.70229107562318}, 'address': '江苏省南京市建邺区扬子江大道268号', 'province': '江苏省', 'city': '南京市', 'area': '建邺区', 'street_id': '5c56edd678e33043a0d230fa', 'telephone': '(025)87716179,(025)87716178', 'detail': 1, 'uid': '5c56edd678e33043a0d230fa', 'detail_info': {'tag': '美食;中餐厅', 'navi_location': {'lng': 118.71408274995, 'lat': 32.009776477113}, 'type': 'cater', 'detail_url': 'http://api.map.baidu.com/place/detail?uid=5c56edd678e33043a0d230fa&output=html&source=placeapi_v2', 'price': '227.0', 'overall_rating': '4.2', 'comment_num': '39', 'children': [], 'lat': 32.00591019809253, 'lng': 118.70229107562318}}"
"{'name': '江枫绿洲宾馆', 'location': {'lat': 32.00811402131861, 'lng': 118.69625436981747}, 'address': '南京市建邺区洲秦路与环岛东路交叉路口西侧(江心洲市民广场南侧)', 'province': '江苏省', 'city': '南京市', 'area': '建邺区', 'street_id': 'c1fa794284a329190482c27c', 'telephone': '(025)86333112', 'detail': 1, 'uid': 'c1fa794284a329190482c27c', 'detail_info': {'tag': '酒店;其他', 'navi_location': {'lng': 118.70798896517, 'lat': 32.012303392922}, 'type': 'hotel', 'detail_url': 'http://api.map.baidu.com/place/detail?uid=c1fa794284a329190482c27c&output=html&source=placeapi_v2', 'overall_rating': '2.5', 'service_rating': '3.0', 'facility_rating': '3.0', 'hygiene_rating': '3.0', 'image_num': '84', 'comment_num': '29', 'favorite_num': '0', 'checkin_num': '0', 'children': [], 'lat': 32.00811402131861, 'lng': 118.69625436981747}}"
"{'name': '金陵江滨酒店-2号别墅', 'location': {'lat': 32.01160620215796, 'lng': 118.70283984167135}, 'address': '扬子江大道万景园路8号', 'province': '江苏省', 'city': '南京市', 'area': '建邺区', 'street_id': '7c426201a2f4c9b7f8221336', 'telephone': '(025)51872888', 'detail': 1, 'uid': '7c426201a2f4c9b7f8221336', 'detail_info': {'tag': '房地产;住宅区', 'type': 'hotel', 'detail_url': 'http://api.map.baidu.com/place/detail?uid=7c426201a2f4c9b7f8221336&output=html&source=placeapi_v2', 'price': '0.0', 'overall_rating': '0.0', 'service_rating': '0', 'facility_rating': '0', 'hygiene_rating': '0', 'image_num': '0', 'comment_num': '0', 'favorite_num': '0', 'checkin_num': '0', 'children': [], 'lat': 32.01160620215796, 'lng': 118.70283984167135}}"
"{'name': '金陵江滨酒店-5号别墅', 'location': {'lat': 32.01126796513307, 'lng': 118.70259848433253}, 'address': '扬子江大道万景园路8号', 'province': '江苏省', 'city': '南京市', 'area': '建邺区', 'street_id': '9c7cb66ed3666b62f50e77ec', 'telephone': '(025)51872888', 'detail': 1, 'uid': '9c7cb66ed3666b62f50e77ec', 'detail_info': {'tag': '房地产;住宅区', 'navi_location': {'lng': 118.71400616582, 'lat': 32.015127496659}, 'type': 'house', 'detail_url': 'http://api.map.baidu.com/place/detail?uid=9c7cb66ed3666b62f50e77ec&output=html&source=placeapi_v2', 'children': [], 'lat': 32.01126796513307, 'lng': 118.70259848433253}}"
"{'name': '金陵江滨酒店-3号别墅', 'location': {'lat': 32.01087391161247, 'lng': 118.70265909340964}, 'address': '扬子江大道万景园路8号', 'province': '江苏省', 'city': '南京市', 'area': '建邺区', 'street_id': '3e787dcdd5925eadbadf8fec', 'telephone': '(025)51872888', 'detail': 1, 'uid': '3e787dcdd5925eadbadf8fec', 'detail_info': {'tag': '房地产;住宅区', 'navi_location': {'lng': 118.7140003421, 'lat': 32.014968716764}, 'type': 'hotel', 'detail_url': 'http://api.map.baidu.com/place/detail?uid=3e787dcdd5925eadbadf8fec&output=html&source=placeapi_v2', 'price': '0.0', 'overall_rating': '0.0', 'service_rating': '0', 'facility_rating': '0', 'hygiene_rating': '0', 'image_num': '0', 'comment_num': '0', 'favorite_num': '0', 'checkin_num': '0', 'children': [], 'lat': 32.01087391161247, 'lng': 118.70265909340964}}"
"{'name': '旅行家青年公寓(南京绿博园店)', 'location': {'lat': 32.00695602629071, 'lng': 118.70330745214812}, 'address': '南京建邺区扬子江大道228号', 'province': '江苏省', 'city': '南京市', 'area': '建邺区', 'street_id': '1dcf767b8f856f2d0482c263', 'telephone': '18114477332', 'detail': 1, 'uid': '1dcf767b8f856f2d0482c263', 'detail_info': {'tag': '酒店;公寓式酒店', 'type': 'hotel', 'detail_url': 'http://api.map.baidu.com/place/detail?uid=1dcf767b8f856f2d0482c263&output=html&source=placeapi_v2', 'price': '0.0', 'overall_rating': '0.0', 'service_rating': '0.0', 'facility_rating': '0.0', 'hygiene_rating': '0.0', 'image_num': '18', 'comment_num': '0', 'favorite_num': '0', 'checkin_num': '0', 'children': [], 'lat': 32.00695602629071, 'lng': 118.70330745214812}}"
"{'name': '南京青木公寓分店(中新大道.红星街店)', 'location': {'lat': 32.02465633954972, 'lng': 118.69281847554741}, 'address': '洲岛家园-绿洲苑1304', 'province': '江苏省', 'city': '南京市', 'area': '建邺区', 'detail': 1, 'uid': 'b02b489ecc60708ff4e73bc3', 'detail_info': {'tag': '酒店;民宿', 'type': 'hotel', 'detail_url': 'http://api.map.baidu.com/place/detail?uid=b02b489ecc60708ff4e73bc3&output=html&source=placeapi_v2', 'price': '0.0', 'overall_rating': '4.0', 'service_rating': '0.0', 'facility_rating': '0.0', 'hygiene_rating': '0.0', 'image_num': '42', 'comment_num': '0', 'favorite_num': '0', 'checkin_num': '0', 'children': [], 'lat': 32.02465633954972, 'lng': 118.69281847554741}}"
"{'name': '江畔酒店', 'location': {'lat': 32.028077592612476, 'lng': 118.69972569685741}, 'address': '南京市建邺区林荫路(江岛华庭东南侧)', 'province': '江苏省', 'city': '南京市', 'area': '建邺区', 'street_id': '069db8f75c932210b31e360a', 'detail': 1, 'uid': '069db8f75c932210b31e360a', 'detail_info': {'tag': '酒店;其他', 'type': 'hotel', 'detail_url': 'http://api.map.baidu.com/place/detail?uid=069db8f75c932210b31e360a&output=html&source=placeapi_v2', 'service_rating': '0', 'facility_rating': '0', 'hygiene_rating': '0', 'image_num': '1', 'comment_num': '0', 'favorite_num': '0', 'checkin_num': '0', 'children': [], 'lat': 32.028077592612476, 'lng': 118.69972569685741}}"
"{'name': '临江湾客房', 'location': {'lat': 32.03554394849074, 'lng': 118.69162566543426}, 'address': '江堤路东100米', 'province': '江苏省', 'city': '南京市', 'area': '建邺区', 'street_id': '2be52e889cf6ca646240a975', 'detail': 1, 'uid': '2be52e889cf6ca646240a975', 'detail_info': {'tag': '酒店;其他', 'type': 'hotel', 'detail_url': 'http://api.map.baidu.com/place/detail?uid=2be52e889cf6ca646240a975&output=html&source=placeapi_v2', 'service_rating': '0', 'facility_rating': '0', 'hygiene_rating': '0', 'image_num': '1', 'comment_num': '0', 'favorite_num': '0', 'checkin_num': '0', 'children': [], 'lat': 32.03554394849074, 'lng': 118.69162566543426}}"
"{'name': '南京涵月楼酒店(中央商场店)', 'location': {'lat': 32.00981763112826, 'lng': 118.72762594560992}, 'address': '南京市建邺区江东中路270号中央商场F1', 'province': '江苏省', 'city': '南京市', 'area': '建邺区', 'street_id': 'fc880bc573cce9bae215f94c', 'telephone': '(025)68176000', 'detail': 1, 'uid': 'fc880bc573cce9bae215f94c', 'detail_info': {'tag': '酒店;星级酒店', 'navi_location': {'lng': 118.73861265545, 'lat': 32.013603131789}, 'indoor_floor': 'F1', 'type': 'hotel', 'detail_url': 'http://api.map.baidu.com/place/detail?uid=fc880bc573cce9bae215f94c&output=html&source=placeapi_v2', 'overall_rating': '4.7', 'service_rating': '4.7', 'facility_rating': '4.7', 'hygiene_rating': '4.7', 'image_num': '200', 'comment_num': '68', 'favorite_num': '0', 'checkin_num': '0', 'children': [], 'lat': 32.00981763112826, 'lng': 118.72762594560992}}"
"{'name': '南京雅豪商务酒店(奥体中心店)', 'location': {'lat': 32.017267172300606, 'lng': 118.71487112824789}, 'address': '江苏省南京市建邺区梦都大街176-1号', 'province': '江苏省', 'city': '南京市', 'area': '建邺区', 'street_id': '606289fd96b8be54a304649c', 'detail': 1, 'uid': '606289fd96b8be54a304649c', 'detail_info': {'tag': '酒店;其他', 'navi_location': {'lng': 118.72656555571, 'lat': 32.020926331117}, 'type': 'hotel', 'detail_url': 'http://api.map.baidu.com/place/detail?uid=606289fd96b8be54a304649c&output=html&source=placeapi_v2', 'price': '218.0', 'overall_rating': '5.0', 'service_rating': '3.8', 'facility_rating': '3.7', 'hygiene_rating': '3.9', 'image_num': '66', 'comment_num': '6', 'favorite_num': '0', 'checkin_num': '0', 'children': [], 'lat': 32.017267172300606, 'lng': 118.71487112824789}}"
"{'name': '星程酒店(奥体中心店)', 'location': {'lat': 32.009275639705514, 'lng': 118.71122697245801}, 'address': '南京市建邺区奥体大街199号', 'province': '江苏省', 'city': '南京市', 'area': '建邺区', 'street_id': 'be76f5dcf052214681a12ef6', 'telephone': '(025)52261988', 'detail': 1, 'uid': 'be76f5dcf052214681a12ef6', 'detail_info': {'tag': '酒店;其他', 'navi_location': {'lng': 118.72306518612, 'lat': 32.013142061007}, 'type': 'hotel', 'detail_url': 'http://api.map.baidu.com/place/detail?uid=be76f5dcf052214681a12ef6&output=html&source=placeapi_v2', 'overall_rating': '4.5', 'service_rating': '4.6', 'facility_rating': '4.6', 'hygiene_rating': '4.6', 'image_num': '200', 'comment_num': '63', 'favorite_num': '0', 'checkin_num': '0', 'children': [], 'lat': 32.009275639705514, 'lng': 118.71122697245801}}"
"{'name': '紫鑫国际酒店', 'location': {'lat': 32.013326809583376, 'lng': 118.72529165114548}, 'address': '梦都大街130号', 'province': '江苏省', 'city': '南京市', 'area': '建邺区', 'street_id': '149a7e9d439c591e8d7727e3', 'detail': 1, 'uid': '149a7e9d439c591e8d7727e3', 'detail_info': {'tag': '酒店;公寓式酒店', 'navi_location': {'lng': 118.73736382394, 'lat': 32.016819174773}, 'type': 'hotel', 'detail_url': 'http://api.map.baidu.com/place/detail?uid=149a7e9d439c591e8d7727e3&output=html&source=placeapi_v2', 'overall_rating': '0.0', 'service_rating': '0', 'facility_rating': '0', 'hygiene_rating': '0', 'image_num': '5', 'comment_num': '1', 'favorite_num': '0', 'checkin_num': '0', 'children': [], 'lat': 32.013326809583376, 'lng': 118.72529165114548}}"
"{'name': '南京斯维登精品公寓(奥体中央公馆店)', 'location': {'lat': 32.008680770230086, 'lng': 118.72648703914902}, 'address': '江苏省南京市建邺区江东中路235号雨润中央公馆A栋1层', 'province': '江苏省', 'city': '南京市', 'area': '建邺区', 'street_id': 'd45b3581d85317e2f7eafceb', 'telephone': '(025)83698895', 'detail': 1, 'uid': 'd45b3581d85317e2f7eafceb', 'detail_info': {'tag': '酒店;公寓式酒店', 'type': 'hotel', 'detail_url': 'http://api.map.baidu.com/place/detail?uid=d45b3581d85317e2f7eafceb&output=html&source=placeapi_v2', 'price': '154.0', 'overall_rating': '4.6', 'service_rating': '4.3', 'facility_rating': '4.3', 'hygiene_rating': '4.3', 'image_num': '200', 'comment_num': '92', 'favorite_num': '0', 'checkin_num': '0', 'children': [], 'lat': 32.008680770230086, 'lng': 118.72648703914902}}"
"{'name': '金马壹号酒店', 'location': {'lat': 32.009378749660996, 'lng': 118.71123194750572}, 'address': '南京市建邺区乐山路与奥体大街交叉口西南150米', 'province': '江苏省', 'city': '南京市', 'area': '建邺区', 'street_id': 'c19f3f2d68157fac01294f03', 'telephone': '(025)52261988', 'detail': 1, 'uid': 'c19f3f2d68157fac01294f03', 'detail_info': {'tag': '酒店;其他', 'navi_location': {'lng': 118.72304881989, 'lat': 32.013065450317}, 'type': 'hotel', 'detail_url': 'http://api.map.baidu.com/place/detail?uid=c19f3f2d68157fac01294f03&output=html&source=placeapi_v2', 'service_rating': '0', 'facility_rating': '0', 'hygiene_rating': '0', 'image_num': '2', 'comment_num': '0', 'favorite_num': '0', 'checkin_num': '0', 'children': [], 'lat': 32.009378749660996, 'lng': 118.71123194750572}}"
"{'name': '清沐连锁酒店', 'location': {'lat': 32.01098108689244, 'lng': 118.71722851815612}, 'address': '江苏省南京市建邺区河西中央商务区中泰国际广场6楼清沐酒店', 'province': '江苏省', 'city': '南京市', 'area': '建邺区', 'detail': 1, 'uid': '7c6b3d3cec5c392bf8f0cb7b', 'detail_info': {'tag': '酒店;快捷酒店', 'type': 'hotel', 'detail_url': 'http://api.map.baidu.com/place/detail?uid=7c6b3d3cec5c392bf8f0cb7b&output=html&source=placeapi_v2', 'service_rating': '0', 'facility_rating': '0', 'hygiene_rating': '0', 'image_num': '1', 'comment_num': '0', 'favorite_num': '0', 'checkin_num': '0', 'children': [], 'lat': 32.01098108689244, 'lng': 118.71722851815612}}"
"{'name': '南京奥体主题公馆', 'location': {'lat': 32.00868236413998, 'lng': 118.7265707934394}, 'address': '江苏省南京市建邺区江东中路235号雨润国际广场', 'province': '江苏省', 'city': '南京市', 'area': '建邺区', 'street_id': '56278736348b6173a8f729e9', 'telephone': '17712864110,18915976580', 'detail': 1, 'uid': '56278736348b6173a8f729e9', 'detail_info': {'tag': '酒店;其他', 'type': 'hotel', 'detail_url': 'http://api.map.baidu.com/place/detail?uid=56278736348b6173a8f729e9&output=html&source=placeapi_v2', 'overall_rating': '4.7', 'service_rating': '4.7', 'facility_rating': '4.7', 'hygiene_rating': '4.7', 'image_num': '200', 'comment_num': '25', 'favorite_num': '0', 'checkin_num': '0', 'children': [], 'lat': 32.00868236413998, 'lng': 118.7265707934394}}"
"{'name': '国贸国际大酒店', 'location': {'lat': 32.006154381722446, 'lng': 118.72452095947958}, 'address': '江东中路289号', 'province': '江苏省', 'city': '南京市', 'area': '建邺区', 'street_id': '586930f3c8b9c571c61b750d', 'detail': 1, 'uid': '586930f3c8b9c571c61b750d', 'detail_info': {'tag': '酒店;星级酒店', 'navi_location': {'lng': 118.73645549019, 'lat': 32.009743609106}, 'type': 'hotel', 'detail_url': 'http://api.map.baidu.com/place/detail?uid=586930f3c8b9c571c61b750d&output=html&source=placeapi_v2', 'service_rating': '0', 'facility_rating': '0', 'hygiene_rating': '0', 'image_num': '2', 'comment_num': '0', 'favorite_num': '0', 'checkin_num': '0', 'children': [], 'lat': 32.006154381722446, 'lng': 118.72452095947958}}"
"{'name': '南京红日酒店公寓(中央公馆店)', 'location': {'lat': 32.00876602961862, 'lng': 118.72638036339106}, 'address': '南京市建邺区江东中路235号雨润中央公馆(与牡丹江街交汇处)', 'province': '江苏省', 'city': '南京市', 'area': '建邺区', 'street_id': 'cb45eff760e79303631c67b7', 'telephone': '(025)57066656', 'detail': 1, 'uid': 'cb45eff760e79303631c67b7', 'detail_info': {'tag': '酒店;公寓式酒店', 'type': 'hotel', 'detail_url': 'http://api.map.baidu.com/place/detail?uid=cb45eff760e79303631c67b7&output=html&source=placeapi_v2', 'overall_rating': '4.6', 'service_rating': '4.4', 'facility_rating': '4.4', 'hygiene_rating': '4.4', 'image_num': '200', 'comment_num': '11', 'favorite_num': '0', 'checkin_num': '0', 'children': [], 'lat': 32.00876602961862, 'lng': 118.72638036339106}}"
"{'name': '融侨广场汉庭奥体中心', 'location': {'lat': 32.00628532043484, 'lng': 118.71734048095679}, 'address': '奥体大街177号环宇融侨广场', 'province': '江苏省', 'city': '南京市', 'area': '建邺区', 'detail': 1, 'uid': 'b4a27538f7a527432bd7ab5d', 'detail_info': {'tag': '酒店;快捷酒店', 'type': 'hotel', 'detail_url': 'http://api.map.baidu.com/place/detail?uid=b4a27538f7a527432bd7ab5d&output=html&source=placeapi_v2', 'service_rating': '0', 'facility_rating': '0', 'hygiene_rating': '0', 'image_num': '0', 'comment_num': '0', 'favorite_num': '0', 'checkin_num': '0', 'children': [], 'lat': 32.00628532043484, 'lng': 118.71734048095679}}"
"{'name': '北书房酒店', 'location': {'lat': 32.01478196565831, 'lng': 118.7219986217928}, 'address': '梦都大街150号', 'province': '江苏省', 'city': '南京市', 'area': '建邺区', 'detail': 1, 'uid': '343b7b0a8cad5aa832169b0f', 'detail_info': {'tag': '酒店;其他', 'type': 'hotel', 'detail_url': 'http://api.map.baidu.com/place/detail?uid=343b7b0a8cad5aa832169b0f&output=html&source=placeapi_v2', 'service_rating': '0', 'facility_rating': '0', 'hygiene_rating': '0', 'image_num': '1', 'comment_num': '0', 'favorite_num': '0', 'checkin_num': '0', 'children': [], 'lat': 32.01478196565831, 'lng': 118.7219986217928}}"
"{'name': '南京羽霖温馨小屋(奥林匹克体育中心店)', 'location': {'lat': 32.00754418623691, 'lng': 118.71895160901249}, 'address': '江苏省南京市建邺区奥林匹克体育中心', 'province': '江苏省', 'city': '南京市', 'area': '建邺区', 'street_id': '8b7af0650f5fc971ab175aa0', 'telephone': '4006061230-41214', 'detail': 1, 'uid': '8b7af0650f5fc971ab175aa0', 'detail_info': {'tag': '酒店;其他', 'type': 'hotel', 'detail_url': 'http://api.map.baidu.com/place/detail?uid=8b7af0650f5fc971ab175aa0&output=html&source=placeapi_v2', 'overall_rating': '5.0', 'service_rating': '0.0', 'facility_rating': '0.0', 'hygiene_rating': '0.0', 'image_num': '1', 'comment_num': '0', 'favorite_num': '0', 'checkin_num': '0', 'children': [], 'lat': 32.00754418623691, 'lng': 118.71895160901249}}"
"{'name': '南京河西中央商场行政公寓(雨润店)', 'location': {'lat': 32.00873614735998, 'lng': 118.72668047967795}, 'address': '江苏省南京市建邺区江东中路235号雨润国际广场', 'province': '江苏省', 'city': '南京市', 'area': '建邺区', 'street_id': '594724b29cc3d8808e55ecac', 'telephone': '19951961554', 'detail': 1, 'uid': '594724b29cc3d8808e55ecac', 'detail_info': {'tag': '酒店;其他', 'type': 'hotel', 'detail_url': 'http://api.map.baidu.com/place/detail?uid=594724b29cc3d8808e55ecac&output=html&source=placeapi_v2', 'price': '0.0', 'overall_rating': '5.0', 'service_rating': '0.0', 'facility_rating': '0.0', 'hygiene_rating': '0.0', 'image_num': '2', 'comment_num': '0', 'favorite_num': '0', 'checkin_num': '0', 'children': [], 'lat': 32.00873614735998, 'lng': 118.72668047967795}}"
"{'name': '南京汇典公寓(滨江奥城店)', 'location': {'lat': 32.01822372343854, 'lng': 118.7158393713177}, 'address': '南京市建邺区乐山路与松花江西街交叉路口往西南约50米(滨江奥城-听雨苑)', 'province': '江苏省', 'city': '南京市', 'area': '建邺区', 'detail': 1, 'uid': '253fb7d96eae4a1904fef539', 'detail_info': {'tag': '酒店;公寓式酒店', 'type': 'hotel', 'detail_url': 'http://api.map.baidu.com/place/detail?uid=253fb7d96eae4a1904fef539&output=html&source=placeapi_v2', 'overall_rating': '0.0', 'service_rating': '0.0', 'facility_rating': '0.0', 'hygiene_rating': '0.0', 'image_num': '1', 'comment_num': '0', 'favorite_num': '0', 'checkin_num': '0', 'children': [], 'lat': 32.01822372343854, 'lng': 118.7158393713177}}"
"{'name': '富贵江南酒店', 'location': {'lat': 32.01338065078294, 'lng': 118.72527071187453}, 'address': '江苏省南京市建邺区梦都大街130号富贵江南酒店', 'province': '江苏省', 'city': '南京市', 'area': '建邺区', 'detail': 1, 'uid': '4e0e63df87c15bf4f4c59cda', 'detail_info': {'tag': '酒店;其他', 'type': 'hotel', 'detail_url': 'http://api.map.baidu.com/place/detail?uid=4e0e63df87c15bf4f4c59cda&output=html&source=placeapi_v2', 'overall_rating': '0.0', 'service_rating': '0.0', 'facility_rating': '0.0', 'hygiene_rating': '0.0', 'image_num': '1', 'comment_num': '0', 'favorite_num': '0', 'checkin_num': '0', 'children': [], 'lat': 32.01338065078294, 'lng': 118.72527071187453}}"
"{'name': '联强国际大厦美居酒店', 'location': {'lat': 32.010989364984134, 'lng': 118.71724841414392}, 'address': '江苏南京市建邺区江苏南京市建邺区河西中央商务区江东中路232号联强国际大厦美居酒店进来2601室联强国际大厦美居酒店', 'province': '江苏省', 'city': '南京市', 'area': '建邺区', 'detail': 1, 'uid': '2f3daf025a003158724b8727', 'detail_info': {'tag': '酒店;其他', 'type': 'hotel', 'detail_url': 'http://api.map.baidu.com/place/detail?uid=2f3daf025a003158724b8727&output=html&source=placeapi_v2', 'service_rating': '0', 'facility_rating': '0', 'hygiene_rating': '0', 'image_num': '1', 'comment_num': '0', 'favorite_num': '0', 'checkin_num': '0', 'children': [], 'lat': 32.010989364984134, 'lng': 118.71724841414392}}"
"{'name': '南京引体向上普通公寓(阿里山路分店)', 'location': {'lat': 32.00859470755557, 'lng': 118.70992409190563}, 'address': '南京市建邺区奥体大街199号金马郦城16栋224室', 'province': '江苏省', 'city': '南京市', 'area': '建邺区', 'street_id': 'c4a4ee587e3834fbf82d6162', 'telephone': '4006061230-75643', 'detail': 1, 'uid': 'c4a4ee587e3834fbf82d6162', 'detail_info': {'tag': '酒店;公寓式酒店', 'type': 'hotel', 'detail_url': 'http://api.map.baidu.com/place/detail?uid=c4a4ee587e3834fbf82d6162&output=html&source=placeapi_v2', 'overall_rating': '0.0', 'service_rating': '0.0', 'facility_rating': '0.0', 'hygiene_rating': '0.0', 'image_num': '1', 'comment_num': '0', 'favorite_num': '0', 'checkin_num': '0', 'children': [], 'lat': 32.00859470755557, 'lng': 118.70992409190563}}"
"{'name': '雨润婆婆公寓', 'location': {'lat': 32.00661704046635, 'lng': 118.72402083873362}, 'address': '南京市建邺区新安江街与江东中路交叉路口东北侧(联强国际大厦北侧)', 'province': '江苏省', 'city': '南京市', 'area': '建邺区', 'detail': 1, 'uid': 'f53b0b8f132592b41fe99916', 'detail_info': {'tag': '酒店;民宿', 'type': 'hotel', 'detail_url': 'http://api.map.baidu.com/place/detail?uid=f53b0b8f132592b41fe99916&output=html&source=placeapi_v2', 'overall_rating': '0.0', 'service_rating': '0.0', 'facility_rating': '0.0', 'hygiene_rating': '0.0', 'image_num': '17', 'comment_num': '5', 'favorite_num': '0', 'checkin_num': '0', 'children': [], 'lat': 32.00661704046635, 'lng': 118.72402083873362}}"
"{'name': '南京米斯特国际自助酒店公寓', 'location': {'lat': 32.01338168349573, 'lng': 118.7252746986273}, 'address': '江苏省南京市建邺区梦都大街130号紫金国际公寓0412室,紫鑫中华广场', 'province': '江苏省', 'city': '南京市', 'area': '建邺区', 'street_id': '5125cc90525d7e0e081cc7c6', 'telephone': '18115642005', 'detail': 1, 'uid': '5125cc90525d7e0e081cc7c6', 'detail_info': {'tag': '酒店;公寓式酒店', 'type': 'hotel', 'detail_url': 'http://api.map.baidu.com/place/detail?uid=5125cc90525d7e0e081cc7c6&output=html&source=placeapi_v2', 'overall_rating': '0.0', 'service_rating': '3.8', 'facility_rating': '3.8', 'hygiene_rating': '3.8', 'image_num': '1', 'comment_num': '0', 'favorite_num': '0', 'checkin_num': '0', 'children': [], 'lat': 32.01338168349573, 'lng': 118.7252746986273}}"
"{'name': '南京漫步师之家公寓', 'location': {'lat': 32.00866571296305, 'lng': 118.72634047267823}, 'address': '江东中路雨润中央公馆A1座', 'province': '江苏省', 'city': '南京市', 'area': '建邺区', 'detail': 1, 'uid': '8c9d19610b800b04f7b91695', 'detail_info': {'tag': '酒店;公寓式酒店', 'type': 'hotel', 'detail_url': 'http://api.map.baidu.com/place/detail?uid=8c9d19610b800b04f7b91695&output=html&source=placeapi_v2', 'overall_rating': '0.0', 'service_rating': '0', 'facility_rating': '0', 'hygiene_rating': '0', 'image_num': '1', 'comment_num': '0', 'favorite_num': '0', 'checkin_num': '0', 'children': [], 'lat': 32.00866571296305, 'lng': 118.72634047267823}}"
"{'name': '南京智途精选服务公寓', 'location': {'lat': 32.00857955250173, 'lng': 118.7266016928195}, 'address': '江苏省南京市建邺区江东中路239号雨润中央公馆', 'province': '江苏省', 'city': '南京市', 'area': '建邺区', 'street_id': '8e30bb96a659a0d4e60738e6', 'detail': 1, 'uid': '8e30bb96a659a0d4e60738e6', 'detail_info': {'tag': '酒店;其他', 'type': 'hotel', 'detail_url': 'http://api.map.baidu.com/place/detail?uid=8e30bb96a659a0d4e60738e6&output=html&source=placeapi_v2', 'overall_rating': '4.3', 'service_rating': '4.0', 'facility_rating': '4.0', 'hygiene_rating': '4.0', 'image_num': '83', 'comment_num': '11', 'favorite_num': '0', 'checkin_num': '0', 'children': [], 'lat': 32.00857955250173, 'lng': 118.7266016928195}}"
"{'name': '南京云上曼菲公寓(牡丹江街分店)', 'location': {'lat': 32.00885181808693, 'lng': 118.72662864074617}, 'address': '雨润国际广场', 'province': '江苏省', 'city': '南京市', 'area': '建邺区', 'detail': 1, 'uid': 'b849f947f99a7aa84afd3f9e', 'detail_info': {'tag': '酒店;公寓式酒店', 'type': 'hotel', 'detail_url': 'http://api.map.baidu.com/place/detail?uid=b849f947f99a7aa84afd3f9e&output=html&source=placeapi_v2', 'overall_rating': '0.0', 'service_rating': '0.0', 'facility_rating': '0.0', 'hygiene_rating': '0.0', 'image_num': '10', 'comment_num': '0', 'favorite_num': '0', 'checkin_num': '0', 'children': [], 'lat': 32.00885181808693, 'lng': 118.72662864074617}}"
"{'name': '南京遇见慧姐的家普通公寓(分店)', 'location': {'lat': 32.00836085177269, 'lng': 118.70905164228196}, 'address': '金马郦城-19栋401', 'province': '江苏省', 'city': '南京市', 'area': '建邺区', 'street_id': 'd58826b4f92f5390c4f50d0b', 'detail': 1, 'uid': 'd58826b4f92f5390c4f50d0b', 'detail_info': {'tag': '酒店;其他', 'type': 'hotel', 'detail_url': 'http://api.map.baidu.com/place/detail?uid=d58826b4f92f5390c4f50d0b&output=html&source=placeapi_v2', 'price': '0.0', 'overall_rating': '0.0', 'service_rating': '0.0', 'facility_rating': '0.0', 'hygiene_rating': '0.0', 'image_num': '13', 'comment_num': '0', 'favorite_num': '0', 'checkin_num': '0', 'children': [], 'lat': 32.00836085177269, 'lng': 118.70905164228196}}"
"{'name': '怡都商务酒店(奥体中心店)', 'location': {'lat': 32.02169471746122, 'lng': 118.7155363289675}, 'address': '江苏省南京市建邺区兴隆大街209好邻居生活广场4楼', 'province': '江苏省', 'city': '南京市', 'area': '建邺区', 'street_id': 'efe410bab9c6940c4c6d4694', 'telephone': '(025)58867186', 'detail': 1, 'uid': 'efe410bab9c6940c4c6d4694', 'detail_info': {'tag': '酒店;快捷酒店', 'navi_location': {'lng': 118.72732233229, 'lat': 32.025877468841}, 'type': 'hotel', 'detail_url': 'http://api.map.baidu.com/place/detail?uid=efe410bab9c6940c4c6d4694&output=html&source=placeapi_v2', 'price': '117.0', 'overall_rating': '4.3', 'service_rating': '3.8', 'facility_rating': '3.8', 'hygiene_rating': '3.8', 'image_num': '159', 'comment_num': '40', 'favorite_num': '0', 'checkin_num': '0', 'children': [], 'lat': 32.02169471746122, 'lng': 118.7155363289675}}"
"{'name': '绿杨春生态酒店(兴隆大街店)', 'location': {'lat': 32.02193761031502, 'lng': 118.7151911081549}, 'address': '江苏省南京市建邺区兴隆大街209号', 'province': '江苏省', 'city': '南京市', 'area': '建邺区', 'street_id': '28f4ca9f2f768302dc1e52c3', 'telephone': '(025)85789199,(025)85789099', 'detail': 1, 'uid': '28f4ca9f2f768302dc1e52c3', 'detail_info': {'tag': '美食;中餐厅', 'navi_location': {'lng': 118.72695122072, 'lat': 32.026014744805}, 'type': 'cater', 'detail_url': 'http://api.map.baidu.com/place/detail?uid=28f4ca9f2f768302dc1e52c3&output=html&source=placeapi_v2', 'price': '97.0', 'overall_rating': '4.3', 'comment_num': '145', 'children': [], 'lat': 32.02193761031502, 'lng': 118.7151911081549}}"
"{'name': '苏辽酒店', 'location': {'lat': 32.02372687644048, 'lng': 118.71539882472848}, 'address': '江苏省南京市建邺区苍山路16', 'province': '江苏省', 'city': '南京市', 'area': '建邺区', 'telephone': '(025)69590818', 'detail': 1, 'uid': '3c62000df00225ccb04c4909', 'detail_info': {'tag': '酒店;其他', 'type': 'hotel', 'detail_url': 'http://api.map.baidu.com/place/detail?uid=3c62000df00225ccb04c4909&output=html&source=placeapi_v2', 'overall_rating': '4.6', 'service_rating': '4.4', 'facility_rating': '4.4', 'hygiene_rating': '4.4', 'image_num': '176', 'comment_num': '29', 'favorite_num': '0', 'checkin_num': '0', 'children': [], 'lat': 32.02372687644048, 'lng': 118.71539882472848}}"
"{'name': '梓桐苑宾馆(奥体中心店)', 'location': {'lat': 32.02276263009032, 'lng': 118.71472224877586}, 'address': '江苏省南京市建邺区兴隆大街210号', 'province': '江苏省', 'city': '南京市', 'area': '建邺区', 'street_id': 'b3eadc3d74e0150b4207c1b2', 'detail': 1, 'uid': 'b3eadc3d74e0150b4207c1b2', 'detail_info': {'tag': '酒店;其他', 'navi_location': {'lng': 118.72632366988, 'lat': 32.026335850562}, 'type': 'hotel', 'detail_url': 'http://api.map.baidu.com/place/detail?uid=b3eadc3d74e0150b4207c1b2&output=html&source=placeapi_v2', 'price': '78.0', 'overall_rating': '3.9', 'service_rating': '3.3', 'facility_rating': '3.3', 'hygiene_rating': '3.3', 'image_num': '200', 'comment_num': '43', 'favorite_num': '0', 'checkin_num': '0', 'children': [], 'lat': 32.02276263009032, 'lng': 118.71472224877586}}"
"{'name': '汇锦国际凌江府', 'location': {'lat': 32.026180647583, 'lng': 118.7155740846473}, 'address': '奥体月安街50号(苍山路口)', 'province': '江苏省', 'city': '南京市', 'area': '建邺区', 'street_id': 'd54e362834c9f2c6d8d891d6', 'detail': 1, 'uid': 'd54e362834c9f2c6d8d891d6', 'detail_info': {'tag': '房地产;住宅区', 'navi_location': {'lng': 118.72612140921, 'lat': 32.029102598814}, 'type': 'house', 'detail_url': 'http://api.map.baidu.com/place/detail?uid=d54e362834c9f2c6d8d891d6&output=html&source=placeapi_v2', 'overall_rating': '3', 'children': [], 'lat': 32.026180647583, 'lng': 118.7155740846473}}"
"{'name': '肯定之星假日酒店(月安店)', 'location': {'lat': 32.022640901063134, 'lng': 118.72715044175855}, 'address': '江苏省南京市建邺区月安街24-4', 'province': '江苏省', 'city': '南京市', 'area': '建邺区', 'street_id': '6ee010203f2c14f653e5c595', 'telephone': '(025)87760077', 'detail': 1, 'uid': '6ee010203f2c14f653e5c595', 'detail_info': {'tag': '酒店;其他', 'navi_location': {'lng': 118.73905895878, 'lat': 32.026230484673}, 'type': 'hotel', 'detail_url': 'http://api.map.baidu.com/place/detail?uid=6ee010203f2c14f653e5c595&output=html&source=placeapi_v2', 'price': '78.0', 'overall_rating': '4.2', 'service_rating': '3.9', 'facility_rating': '3.9', 'hygiene_rating': '3.9', 'image_num': '127', 'comment_num': '33', 'favorite_num': '0', 'checkin_num': '0', 'children': [], 'lat': 32.022640901063134, 'lng': 118.72715044175855}}"
"{'name': '南京venus公寓', 'location': {'lat': 32.023784983510495, 'lng': 118.71325508462151}, 'address': '奥体新城青桐园9幢1004室', 'province': '江苏省', 'city': '南京市', 'area': '建邺区', 'detail': 1, 'uid': 'c73cb963bc86fc504d554703', 'detail_info': {'tag': '酒店;民宿', 'type': 'hotel', 'detail_url': 'http://api.map.baidu.com/place/detail?uid=c73cb963bc86fc504d554703&output=html&source=placeapi_v2', 'overall_rating': '0.0', 'service_rating': '0.0', 'facility_rating': '0.0', 'hygiene_rating': '0.0', 'image_num': '35', 'comment_num': '20', 'favorite_num': '0', 'checkin_num': '0', 'children': [], 'lat': 32.023784983510495, 'lng': 118.71325508462151}}"
"{'name': '南京美人家的民宿(NO.3店)', 'location': {'lat': 32.030558317749914, 'lng': 118.72420261187455}, 'address': '江苏省南京市建邺区华山路精金花园', 'province': '江苏省', 'city': '南京市', 'area': '建邺区', 'detail': 1, 'uid': '44f1434ec31cba265a3ac8a1', 'detail_info': {'tag': '酒店;民宿', 'type': 'hotel', 'detail_url': 'http://api.map.baidu.com/place/detail?uid=44f1434ec31cba265a3ac8a1&output=html&source=placeapi_v2', 'overall_rating': '0.0', 'service_rating': '0.0', 'facility_rating': '0.0', 'hygiene_rating': '0.0', 'image_num': '43', 'comment_num': '1', 'favorite_num': '0', 'checkin_num': '0', 'children': [], 'lat': 32.030558317749914, 'lng': 118.72420261187455}}"
"{'name': '南京薄荷青年公寓(积善路分店)', 'location': {'lat': 32.0307464175378, 'lng': 118.7242133994634}, 'address': '江苏省南京市建邺区精金花园', 'province': '江苏省', 'city': '南京市', 'area': '建邺区', 'detail': 1, 'uid': 'c11bd314a8565da4c37da297', 'detail_info': {'tag': '酒店;公寓式酒店', 'type': 'hotel', 'detail_url': 'http://api.map.baidu.com/place/detail?uid=c11bd314a8565da4c37da297&output=html&source=placeapi_v2', 'price': '0.0', 'service_rating': '0', 'facility_rating': '0', 'hygiene_rating': '0', 'image_num': '1', 'comment_num': '0', 'favorite_num': '0', 'checkin_num': '0', 'children': [], 'lat': 32.0307464175378, 'lng': 118.7242133994634}}"
"{'name': '欣欣家庭公寓(南京青桐园店)', 'location': {'lat': 32.02352669612923, 'lng': 118.71452488019246}, 'address': '苍山路18号2栋1单元602', 'province': '江苏省', 'city': '南京市', 'area': '建邺区', 'telephone': '18114477332', 'detail': 1, 'uid': '092d84100c40e32b8bf15d0d', 'detail_info': {'tag': '酒店;公寓式酒店', 'type': 'hotel', 'detail_url': 'http://api.map.baidu.com/place/detail?uid=092d84100c40e32b8bf15d0d&output=html&source=placeapi_v2', 'price': '0.0', 'overall_rating': '0.0', 'service_rating': '0.0', 'facility_rating': '0.0', 'hygiene_rating': '0.0', 'image_num': '3', 'comment_num': '0', 'favorite_num': '0', 'checkin_num': '0', 'children': [], 'lat': 32.02352669612923, 'lng': 118.71452488019246}}"
"{'name': '卉雅蚂蚁公寓(南京河西万达一店)', 'location': {'lat': 32.02852653508772, 'lng': 118.72674522976648}, 'address': '江苏省南京市建邺区集庆门大街万达西地17栋2702室(江东中路西侧)', 'province': '江苏省', 'city': '南京市', 'area': '建邺区', 'street_id': 'bfbb908997702a75e31103f5', 'telephone': '13645181381', 'detail': 1, 'uid': 'bfbb908997702a75e31103f5', 'detail_info': {'tag': '酒店;公寓式酒店', 'navi_location': {'lng': 118.74003808663, 'lat': 32.032121395614}, 'type': 'hotel', 'detail_url': 'http://api.map.baidu.com/place/detail?uid=bfbb908997702a75e31103f5&output=html&source=placeapi_v2', 'price': '0.0', 'overall_rating': '0.0', 'service_rating': '2.8', 'facility_rating': '2.4', 'hygiene_rating': '2.9', 'image_num': '3', 'comment_num': '0', 'favorite_num': '0', 'checkin_num': '0', 'children': [], 'lat': 32.02852653508772, 'lng': 118.72674522976648}}"
"{'name': '长江之家', 'location': {'lat': 32.026804981158826, 'lng': 118.72667484858181}, 'address': '江苏省南京市建邺区燕山路118号长江之家', 'province': '江苏省', 'city': '南京市', 'area': '建邺区', 'detail': 1, 'uid': '409633b0dbd975e00b69d9c6', 'detail_info': {'tag': '酒店;其他', 'detail_url': 'http://api.map.baidu.com/place/detail?uid=409633b0dbd975e00b69d9c6&output=html&source=placeapi_v2', 'children': [], 'lat': 32.026804981158826, 'lng': 118.72667484858181}}"
"{'name': '南京闪闪家庭公寓月安街二店', 'location': {'lat': 32.023531024986056, 'lng': 118.71474363293859}, 'address': '江苏省南京市建邺区苍山路18号2棟1单元302(靠近兴隆大街地铁站)', 'province': '江苏省', 'city': '南京市', 'area': '建邺区', 'street_id': 'ffac3745e458a82e9ce32168', 'detail': 1, 'uid': 'ffac3745e458a82e9ce32168', 'detail_info': {'tag': '酒店;公寓式酒店', 'type': 'hotel', 'detail_url': 'http://api.map.baidu.com/place/detail?uid=ffac3745e458a82e9ce32168&output=html&source=placeapi_v2', 'price': '0.0', 'overall_rating': '0.0', 'service_rating': '0.0', 'facility_rating': '0.0', 'hygiene_rating': '0.0', 'image_num': '7', 'comment_num': '0', 'favorite_num': '0', 'checkin_num': '0', 'children': [], 'lat': 32.023531024986056, 'lng': 118.71474363293859}}"
"{'name': '南京欧洲风情站公寓', 'location': {'lat': 32.01978065771626, 'lng': 118.70919549640787}, 'address': '御江金城', 'province': '江苏省', 'city': '南京市', 'area': '建邺区', 'detail': 1, 'uid': 'a943f127338c0e212811d1fd', 'detail_info': {'tag': '酒店;公寓式酒店', 'type': 'hotel', 'detail_url': 'http://api.map.baidu.com/place/detail?uid=a943f127338c0e212811d1fd&output=html&source=placeapi_v2', 'overall_rating': '0.0', 'service_rating': '0', 'facility_rating': '0', 'hygiene_rating': '0', 'image_num': '1', 'comment_num': '0', 'favorite_num': '0', 'checkin_num': '0', 'children': [], 'lat': 32.01978065771626, 'lng': 118.70919549640787}}"
"{'name': '情海爱情公寓NO.2', 'location': {'lat': 32.029078617310915, 'lng': 118.72579560244162}, 'address': '江苏省南京市建邺区万达广场F座1003室', 'province': '江苏省', 'city': '南京市', 'area': '建邺区', 'street_id': 'd920d5577cab0741112935bc', 'detail': 1, 'uid': 'd920d5577cab0741112935bc', 'detail_info': {'tag': '酒店;公寓式酒店', 'type': 'hotel', 'detail_url': 'http://api.map.baidu.com/place/detail?uid=d920d5577cab0741112935bc&output=html&source=placeapi_v2', 'service_rating': '0', 'facility_rating': '0', 'hygiene_rating': '0', 'image_num': '1', 'comment_num': '0', 'favorite_num': '0', 'checkin_num': '0', 'children': [], 'lat': 32.029078617310915, 'lng': 118.72579560244162}}"
"{'name': '南京河西苏宁雅悦酒店', 'location': {'lat': 32.0334152745704, 'lng': 118.71854305143077}, 'address': '南京市鼓楼区集庆门大街268号', 'province': '江苏省', 'city': '南京市', 'area': '鼓楼区', 'street_id': 'f3e20a9351f8cb4480a00ced', 'telephone': '(025)69690099', 'detail': 1, 'uid': 'f3e20a9351f8cb4480a00ced', 'detail_info': {'tag': '酒店;其他', 'navi_location': {'lng': 118.73021027761, 'lat': 32.036811144562}, 'type': 'hotel', 'detail_url': 'http://api.map.baidu.com/place/detail?uid=f3e20a9351f8cb4480a00ced&output=html&source=placeapi_v2', 'overall_rating': '4.9', 'service_rating': '4.5', 'facility_rating': '4.5', 'hygiene_rating': '4.5', 'image_num': '200', 'comment_num': '64', 'favorite_num': '0', 'checkin_num': '0', 'children': [], 'lat': 32.0334152745704, 'lng': 118.71854305143077}}"
"{'name': '南京涵碧楼酒店', 'location': {'lat': 32.04309677921399, 'lng': 118.71711687535449}, 'address': '江苏省南京市建邺区扬子江大道208号', 'province': '江苏省', 'city': '南京市', 'area': '建邺区', 'street_id': '16c02797a9db40e54f6d46a0', 'telephone': '(025)68889888', 'detail': 1, 'uid': '16c02797a9db40e54f6d46a0', 'detail_info': {'tag': '酒店;其他', 'navi_location': {'lng': 118.73003158847, 'lat': 32.046048220814}, 'type': 'hotel', 'detail_url': 'http://api.map.baidu.com/place/detail?uid=16c02797a9db40e54f6d46a0&output=html&source=placeapi_v2', 'overall_rating': '4.7', 'service_rating': '4.7', 'facility_rating': '4.7', 'hygiene_rating': '4.7', 'image_num': '200', 'comment_num': '88', 'favorite_num': '0', 'checkin_num': '0', 'children': [], 'lat': 32.04309677921399, 'lng': 118.71711687535449}}"
"{'name': '春常在快捷酒店(锦江路店)', 'location': {'lat': 32.04490263087402, 'lng': 118.7275740045297}, 'address': '江苏省南京市鼓楼区东宝路29号', 'province': '江苏省', 'city': '南京市', 'area': '鼓楼区', 'street_id': '95290594d35a2d168505bf41', 'telephone': '(025)86657128', 'detail': 1, 'uid': '95290594d35a2d168505bf41', 'detail_info': {'tag': '酒店;快捷酒店', 'navi_location': {'lng': 118.73959599995, 'lat': 32.048633019399}, 'type': 'hotel', 'detail_url': 'http://api.map.baidu.com/place/detail?uid=95290594d35a2d168505bf41&output=html&source=placeapi_v2', 'overall_rating': '3.9', 'service_rating': '3.5', 'facility_rating': '3.5', 'hygiene_rating': '3.5', 'image_num': '113', 'comment_num': '27', 'favorite_num': '0', 'checkin_num': '0', 'children': [], 'lat': 32.04490263087402, 'lng': 118.7275740045297}}"
"{'name': '南京天朗快捷酒店(苏宁环球商贸城店)', 'location': {'lat': 32.04562456353992, 'lng': 118.72520124087829}, 'address': '江苏省南京市鼓楼区清江路85号(苏宁环球商贸城旁边5楼)', 'province': '江苏省', 'city': '南京市', 'area': '鼓楼区', 'street_id': 'e86e55bf5ad8e12f4afd3f6b', 'telephone': '(025)86637966', 'detail': 1, 'uid': 'e86e55bf5ad8e12f4afd3f6b', 'detail_info': {'tag': '酒店;快捷酒店', 'navi_location': {'lng': 118.7372934453, 'lat': 32.049951846827}, 'type': 'hotel', 'detail_url': 'http://api.map.baidu.com/place/detail?uid=e86e55bf5ad8e12f4afd3f6b&output=html&source=placeapi_v2', 'overall_rating': '3.5', 'service_rating': '3.7', 'facility_rating': '3.7', 'hygiene_rating': '3.7', 'image_num': '110', 'comment_num': '16', 'favorite_num': '0', 'checkin_num': '0', 'children': [], 'lat': 32.04562456353992, 'lng': 118.72520124087829}}"
"{'name': '南京刘新桥公寓', 'location': {'lat': 32.05619973614499, 'lng': 118.7264119123862}, 'address': '江滨新寓(小区靠近江东北路)', 'province': '江苏省', 'city': '南京市', 'area': '鼓楼区', 'detail': 1, 'uid': 'fc9dd39365d45605fbf0cb1e', 'detail_info': {'tag': '酒店;公寓式酒店', 'type': 'hotel', 'detail_url': 'http://api.map.baidu.com/place/detail?uid=fc9dd39365d45605fbf0cb1e&output=html&source=placeapi_v2', 'overall_rating': '0.0', 'service_rating': '0', 'facility_rating': '0', 'hygiene_rating': '0', 'image_num': '0', 'comment_num': '0', 'favorite_num': '0', 'checkin_num': '0', 'children': [], 'lat': 32.05619973614499, 'lng': 118.7264119123862}}"
"{'name': '平川旅馆', 'location': {'lat': 32.04491020864132, 'lng': 118.72719102293168}, 'address': '江苏省南京市鼓楼区东宝路47号附近', 'province': '江苏省', 'city': '南京市', 'area': '鼓楼区', 'street_id': 'e5c2ceac948b54e53586f4f5', 'detail': 1, 'uid': 'e5c2ceac948b54e53586f4f5', 'detail_info': {'tag': '酒店;其他', 'type': 'hotel', 'detail_url': 'http://api.map.baidu.com/place/detail?uid=e5c2ceac948b54e53586f4f5&output=html&source=placeapi_v2', 'service_rating': '0', 'facility_rating': '0', 'hygiene_rating': '0', 'image_num': '2', 'comment_num': '0', 'favorite_num': '0', 'checkin_num': '0', 'children': [], 'lat': 32.04491020864132, 'lng': 118.72719102293168}}"
"{'name': '同胞旅馆', 'location': {'lat': 32.053742308333206, 'lng': 118.72436773458435}, 'address': '南京鼓楼区草场门大街109号3楼', 'province': '江苏省', 'city': '南京市', 'area': '鼓楼区', 'telephone': '(025)86288509', 'detail': 1, 'uid': '0d49b15d4fb72493c27da2c7', 'detail_info': {'tag': '酒店;其他', 'type': 'hotel', 'detail_url': 'http://api.map.baidu.com/place/detail?uid=0d49b15d4fb72493c27da2c7&output=html&source=placeapi_v2', 'price': '0.0', 'overall_rating': '0.0', 'service_rating': '0.0', 'facility_rating': '0.0', 'hygiene_rating': '0.0', 'image_num': '1', 'comment_num': '0', 'favorite_num': '0', 'checkin_num': '0', 'children': [], 'lat': 32.053742308333206, 'lng': 118.72436773458435}}"
"{'name': '甲壳虫公寓(龙江店)', 'location': {'lat': 32.05923286355265, 'lng': 118.72613831251701}, 'address': '草场门大街147号', 'province': '江苏省', 'city': '南京市', 'area': '鼓楼区', 'street_id': '577927f9c77f16804002454e', 'detail': 1, 'uid': '577927f9c77f16804002454e', 'detail_info': {'tag': '房地产;住宅区', 'navi_location': {'lng': 118.73796839074, 'lat': 32.063185231883}, 'type': 'house', 'detail_url': 'http://api.map.baidu.com/place/detail?uid=577927f9c77f16804002454e&output=html&source=placeapi_v2', 'children': [], 'lat': 32.05923286355265, 'lng': 118.72613831251701}}"
"{'name': '南京世茂滨江希尔顿酒店', 'location': {'lat': 32.079173046928396, 'lng': 118.72756518112423}, 'address': '南京市鼓楼区淮滨路1号', 'province': '江苏省', 'city': '南京市', 'area': '鼓楼区', 'street_id': 'cd9d05dd826671af84420e82', 'telephone': '(025)83158888', 'detail': 1, 'uid': 'cd9d05dd826671af84420e82', 'detail_info': {'tag': '酒店;星级酒店', 'navi_location': {'lng': 118.73941466261, 'lat': 32.082530188629}, 'type': 'hotel', 'detail_url': 'http://api.map.baidu.com/place/detail?uid=cd9d05dd826671af84420e82&output=html&source=placeapi_v2', 'overall_rating': '4.4', 'service_rating': '4.7', 'facility_rating': '4.7', 'hygiene_rating': '4.7', 'image_num': '200', 'comment_num': '200', 'favorite_num': '0', 'checkin_num': '0', 'children': [], 'lat': 32.079173046928396, 'lng': 118.72756518112423}}"
"{'name': '桔子水晶酒店(南京奥体中心店)', 'location': {'lat': 32.01219739411108, 'lng': 118.72933284026396}, 'address': '南京市建邺区江东中路231号8幢', 'province': '江苏省', 'city': '南京市', 'area': '建邺区', 'street_id': '1608f12dd2e8da3ac17da27c', 'telephone': '(025)87767999', 'detail': 1, 'uid': '1608f12dd2e8da3ac17da27c', 'detail_info': {'tag': '酒店;其他', 'navi_location': {'lng': 118.74104357436, 'lat': 32.016443431772}, 'type': 'hotel', 'detail_url': 'http://api.map.baidu.com/place/detail?uid=1608f12dd2e8da3ac17da27c&output=html&source=placeapi_v2', 'price': '245.0', 'overall_rating': '4.8', 'service_rating': '4.7', 'facility_rating': '4.7', 'hygiene_rating': '4.7', 'image_num': '107', 'comment_num': '28', 'favorite_num': '0', 'checkin_num': '0', 'children': [], 'lat': 32.01219739411108, 'lng': 118.72933284026396}}"
"{'name': '好记大酒店(江东中路店)', 'location': {'lat': 32.01335236434886, 'lng': 118.72996043273506}, 'address': '江苏省南京市建邺区江东中路223号奥体CBD中心欧洲城铂金时代广场3楼(近地铁奥体东站)', 'province': '江苏省', 'city': '南京市', 'area': '建邺区', 'street_id': '4edf9fbf4ecb918dcd06a483', 'telephone': '(025)85568788', 'detail': 1, 'uid': '4edf9fbf4ecb918dcd06a483', 'detail_info': {'tag': '美食;中餐厅', 'navi_location': {'lng': 118.74172169082, 'lat': 32.01703204882}, 'type': 'cater', 'detail_url': 'http://api.map.baidu.com/place/detail?uid=4edf9fbf4ecb918dcd06a483&output=html&source=placeapi_v2', 'price': '285.0', 'overall_rating': '4.1', 'comment_num': '69', 'children': [], 'lat': 32.01335236434886, 'lng': 118.72996043273506}}"
"{'name': '海友酒店(黄山路店)', 'location': {'lat': 32.01413812931025, 'lng': 118.7420801287464}, 'address': '江苏省南京市建邺区黄山路21号', 'province': '江苏省', 'city': '南京市', 'area': '建邺区', 'street_id': '5b76a20543f7b25974026959', 'telephone': '(025)86802208', 'detail': 1, 'uid': '5b76a20543f7b25974026959', 'detail_info': {'tag': '酒店;快捷酒店', 'navi_location': {'lng': 118.75297949891, 'lat': 32.01786216759}, 'type': 'hotel', 'detail_url': 'http://api.map.baidu.com/place/detail?uid=5b76a20543f7b25974026959&output=html&source=placeapi_v2', 'overall_rating': '4.5', 'service_rating': '4.1', 'facility_rating': '4.1', 'hygiene_rating': '4.1', 'image_num': '100', 'comment_num': '26', 'favorite_num': '0', 'checkin_num': '0', 'children': [], 'lat': 32.01413812931025, 'lng': 118.7420801287464}}"
"{'name': '喜都宾馆(松花江东街店)', 'location': {'lat': 32.01328539957083, 'lng': 118.73111740426842}, 'address': '江苏省南京市建邺区江东中路217-14号', 'province': '江苏省', 'city': '南京市', 'area': '建邺区', 'street_id': '9fbfeef24c277b5cece4a5e9', 'telephone': '(025)86469090', 'detail': 1, 'uid': '9fbfeef24c277b5cece4a5e9', 'detail_info': {'tag': '酒店;其他', 'navi_location': {'lng': 118.74281389777, 'lat': 32.016738491697}, 'type': 'hotel', 'detail_url': 'http://api.map.baidu.com/place/detail?uid=9fbfeef24c277b5cece4a5e9&output=html&source=placeapi_v2', 'overall_rating': '4.6', 'service_rating': '4.0', 'facility_rating': '4.0', 'hygiene_rating': '4.0', 'image_num': '114', 'comment_num': '12', 'favorite_num': '0', 'checkin_num': '0', 'children': [], 'lat': 32.01328539957083, 'lng': 118.73111740426842}}"
"{'name': '全友宾馆(应天大街黄山路店)', 'location': {'lat': 32.01878832456052, 'lng': 118.74502094683224}, 'address': '南京市建邺区应天大街817号', 'province': '江苏省', 'city': '南京市', 'area': '建邺区', 'street_id': 'c164540862d1fa849cf779a7', 'telephone': '(025)86403292', 'detail': 1, 'uid': 'c164540862d1fa849cf779a7', 'detail_info': {'tag': '酒店;其他', 'type': 'hotel', 'detail_url': 'http://api.map.baidu.com/place/detail?uid=c164540862d1fa849cf779a7&output=html&source=placeapi_v2', 'overall_rating': '4.4', 'service_rating': '3.1', 'facility_rating': '3.1', 'hygiene_rating': '3.1', 'image_num': '119', 'comment_num': '26', 'favorite_num': '0', 'checkin_num': '0', 'children': [], 'lat': 32.01878832456052, 'lng': 118.74502094683224}}"
"{'name': '咖居精选酒店(南京奥体兴隆大街地铁站店)', 'location': {'lat': 32.01415820888755, 'lng': 118.73013097157535}, 'address': '江苏省南京市建邺区江东中路217-1', 'province': '江苏省', 'city': '南京市', 'area': '建邺区', 'street_id': 'd5c64f2d74b2c1c5ebe58266', 'telephone': '(025)86555299', 'detail': 1, 'uid': 'd5c64f2d74b2c1c5ebe58266', 'detail_info': {'tag': '酒店;快捷酒店', 'type': 'hotel', 'detail_url': 'http://api.map.baidu.com/place/detail?uid=d5c64f2d74b2c1c5ebe58266&output=html&source=placeapi_v2', 'overall_rating': '4.7', 'service_rating': '4.5', 'facility_rating': '4.5', 'hygiene_rating': '4.5', 'image_num': '200', 'comment_num': '30', 'favorite_num': '0', 'checkin_num': '0', 'children': [], 'lat': 32.01415820888755, 'lng': 118.73013097157535}}"
"{'name': '必得主题宾馆(兴隆大街地铁站店)', 'location': {'lat': 32.01545072724216, 'lng': 118.73076255286709}, 'address': '江苏省南京市建邺区江东中路213-3号', 'province': '江苏省', 'city': '南京市', 'area': '建邺区', 'street_id': '95a053e0468a61536240a9c7', 'telephone': '(025)86300818', 'detail': 1, 'uid': '95a053e0468a61536240a9c7', 'detail_info': {'tag': '酒店;其他', 'navi_location': {'lng': 118.74254993663, 'lat': 32.019192570232}, 'type': 'hotel', 'detail_url': 'http://api.map.baidu.com/place/detail?uid=95a053e0468a61536240a9c7&output=html&source=placeapi_v2', 'overall_rating': '4.4', 'service_rating': '4.4', 'facility_rating': '4.4', 'hygiene_rating': '4.4', 'image_num': '200', 'comment_num': '47', 'favorite_num': '0', 'checkin_num': '0', 'children': [], 'lat': 32.01545072724216, 'lng': 118.73076255286709}}"
"{'name': '金梦都宾馆', 'location': {'lat': 32.00642693012522, 'lng': 118.74020831218041}, 'address': '南京市建邺区梦都路30号', 'province': '江苏省', 'city': '南京市', 'area': '建邺区', 'telephone': '(025)69897888', 'detail': 1, 'uid': '504a3289f08418d9d518b7c0', 'detail_info': {'tag': '酒店;其他', 'navi_location': {'lng': 118.75215547518, 'lat': 32.009981906016}, 'type': 'hotel', 'detail_url': 'http://api.map.baidu.com/place/detail?uid=504a3289f08418d9d518b7c0&output=html&source=placeapi_v2', 'overall_rating': '4.5', 'service_rating': '4.5', 'facility_rating': '4.5', 'hygiene_rating': '4.5', 'image_num': '82', 'comment_num': '12', 'favorite_num': '0', 'checkin_num': '0', 'children': [], 'lat': 32.00642693012522, 'lng': 118.74020831218041}}"
"{'name': '南京仁恒辉盛阁国际酒店公寓', 'location': {'lat': 32.00806697091965, 'lng': 118.7281035768663}, 'address': '江苏省南京市建邺区庐山路116号', 'province': '江苏省', 'city': '南京市', 'area': '建邺区', 'street_id': 'c3cfeef4c588cf447d29bd37', 'telephone': '(025)86268888', 'detail': 1, 'uid': 'c3cfeef4c588cf447d29bd37', 'detail_info': {'tag': '酒店;星级酒店', 'navi_location': {'lng': 118.73932437212, 'lat': 32.011334072276}, 'type': 'hotel', 'detail_url': 'http://api.map.baidu.com/place/detail?uid=c3cfeef4c588cf447d29bd37&output=html&source=placeapi_v2', 'overall_rating': '4.7', 'service_rating': '4.6', 'facility_rating': '4.6', 'hygiene_rating': '4.6', 'image_num': '200', 'comment_num': '47', 'favorite_num': '0', 'checkin_num': '0', 'children': [], 'lat': 32.00806697091965, 'lng': 118.7281035768663}}"
"{'name': '六朝春生态酒店', 'location': {'lat': 32.018279432779266, 'lng': 118.74424527630538}, 'address': '江苏省南京市建邺区应天大街108号', 'province': '江苏省', 'city': '南京市', 'area': '建邺区', 'telephone': '(025)86801377', 'detail': 1, 'uid': '8b95b70b1563219bf72310c3', 'detail_info': {'tag': '美食;中餐厅', 'type': 'cater', 'detail_url': 'http://api.map.baidu.com/place/detail?uid=8b95b70b1563219bf72310c3&output=html&source=placeapi_v2', 'overall_rating': '3.0', 'image_num': '7', 'comment_num': '2', 'children': [], 'lat': 32.018279432779266, 'lng': 118.74424527630538}}"
"{'name': '宏普捷座广场-A座', 'location': {'lat': 32.0152536846554, 'lng': 118.72884440213585}, 'address': '江苏省南京市建邺区江东中路186', 'province': '江苏省', 'city': '南京市', 'area': '建邺区', 'street_id': '2a316ac0f46cca04deee8ba9', 'detail': 1, 'uid': '2a316ac0f46cca04deee8ba9', 'detail_info': {'tag': '房地产;写字楼', 'navi_location': {'lng': 118.73970587259, 'lat': 32.018924448329}, 'type': 'house', 'detail_url': 'http://api.map.baidu.com/place/detail?uid=2a316ac0f46cca04deee8ba9&output=html&source=placeapi_v2', 'overall_rating': '4', 'children': [], 'lat': 32.0152536846554, 'lng': 118.72884440213585}}"
"{'name': '虹佳宾馆', 'location': {'lat': 32.01530344697077, 'lng': 118.74769483741711}, 'address': '江苏省南京市建邺区泰山路5-17临', 'province': '江苏省', 'city': '南京市', 'area': '建邺区', 'street_id': 'bba87388fe975eb9bca82252', 'telephone': '15312089509', 'detail': 1, 'uid': 'bba87388fe975eb9bca82252', 'detail_info': {'tag': '酒店;其他', 'type': 'hotel', 'detail_url': 'http://api.map.baidu.com/place/detail?uid=bba87388fe975eb9bca82252&output=html&source=placeapi_v2', 'overall_rating': '0.0', 'service_rating': '0.0', 'facility_rating': '0.0', 'hygiene_rating': '0.0', 'image_num': '67', 'comment_num': '23', 'favorite_num': '0', 'checkin_num': '0', 'children': [], 'lat': 32.01530344697077, 'lng': 118.74769483741711}}"
"{'name': '信达商务', 'location': {'lat': 32.01293880959509, 'lng': 118.72938664832024}, 'address': '江苏省南京市建邺区江东中路227', 'province': '江苏省', 'city': '南京市', 'area': '建邺区', 'street_id': '82d99db8d834196a97ec8401', 'detail': 1, 'uid': '82d99db8d834196a97ec8401', 'detail_info': {'tag': '酒店;快捷酒店', 'navi_location': {'lng': 118.74117893193, 'lat': 32.016417719948}, 'type': 'hotel', 'detail_url': 'http://api.map.baidu.com/place/detail?uid=82d99db8d834196a97ec8401&output=html&source=placeapi_v2', 'overall_rating': '1.0', 'service_rating': '0', 'facility_rating': '0', 'hygiene_rating': '0', 'image_num': '7', 'comment_num': '1', 'favorite_num': '0', 'checkin_num': '0', 'children': [], 'lat': 32.01293880959509, 'lng': 118.72938664832024}}"
"{'name': '海之梦商务宾馆', 'location': {'lat': 32.016780278152005, 'lng': 118.74226577102154}, 'address': '江苏省南京市建邺区黄山路12号盛世公馆1601室', 'province': '江苏省', 'city': '南京市', 'area': '建邺区', 'street_id': 'a4a603250c0e8c0ad92f284c', 'telephone': '(025)85717777', 'detail': 1, 'uid': 'a4a603250c0e8c0ad92f284c', 'detail_info': {'tag': '酒店;快捷酒店', 'navi_location': {'lng': 118.75435866197, 'lat': 32.020259293237}, 'type': 'hotel', 'detail_url': 'http://api.map.baidu.com/place/detail?uid=a4a603250c0e8c0ad92f284c&output=html&source=placeapi_v2', 'price': '0.0', 'overall_rating': '3.7', 'service_rating': '4.3', 'facility_rating': '4.1', 'hygiene_rating': '4.2', 'image_num': '23', 'comment_num': '4', 'favorite_num': '0', 'checkin_num': '0', 'children': [], 'lat': 32.016780278152005, 'lng': 118.74226577102154}}"
"{'name': '室内设计师瑞公寓', 'location': {'lat': 32.01545404990968, 'lng': 118.72833753740134}, 'address': '南京市建邺区香山路与松花江西街交叉路口往东北约50米(宏普捷座广场)', 'province': '江苏省', 'city': '南京市', 'area': '建邺区', 'detail': 1, 'uid': 'd666b24386cf3126e81e9730', 'detail_info': {'tag': '酒店;民宿', 'type': 'hotel', 'detail_url': 'http://api.map.baidu.com/place/detail?uid=d666b24386cf3126e81e9730&output=html&source=placeapi_v2', 'overall_rating': '0.0', 'service_rating': '0.0', 'facility_rating': '0.0', 'hygiene_rating': '0.0', 'image_num': '42', 'comment_num': '3', 'favorite_num': '0', 'checkin_num': '0', 'children': [], 'lat': 32.01545404990968, 'lng': 118.72833753740134}}"
"{'name': ""南京Nati'sHome公寓(NO.2店)"", 'location': {'lat': 32.01464151566819, 'lng': 118.7307457723299}, 'address': '江东中路219号凯旋丽都花园', 'province': '江苏省', 'city': '南京市', 'area': '建邺区', 'detail': 1, 'uid': 'e18e456f32cb3a3ab9df8f86', 'detail_info': {'tag': '酒店;民宿', 'type': 'hotel', 'detail_url': 'http://api.map.baidu.com/place/detail?uid=e18e456f32cb3a3ab9df8f86&output=html&source=placeapi_v2', 'overall_rating': '0.0', 'service_rating': '0.0', 'facility_rating': '0.0', 'hygiene_rating': '0.0', 'image_num': '48', 'comment_num': '2', 'favorite_num': '0', 'checkin_num': '0', 'children': [], 'lat': 32.01464151566819, 'lng': 118.7307457723299}}"
"{'name': '南京七家公寓', 'location': {'lat': 32.017991255591355, 'lng': 118.74414816624959}, 'address': '应天西路108号天都芳庭14栋103-109', 'province': '江苏省', 'city': '南京市', 'area': '建邺区', 'detail': 1, 'uid': 'c0d5db1bd4cf384fad31e558', 'detail_info': {'tag': '酒店;公寓式酒店', 'type': 'hotel', 'detail_url': 'http://api.map.baidu.com/place/detail?uid=c0d5db1bd4cf384fad31e558&output=html&source=placeapi_v2', 'price': '155.0', 'overall_rating': '0.0', 'service_rating': '0.0', 'facility_rating': '0.0', 'hygiene_rating': '0.0', 'image_num': '17', 'comment_num': '0', 'favorite_num': '0', 'checkin_num': '0', 'children': [], 'lat': 32.017991255591355, 'lng': 118.74414816624959}}"
"{'name': '南京毛驴的小屋(黄山路分店)', 'location': {'lat': 32.01731156180787, 'lng': 118.74223854230608}, 'address': '江苏省南京市黄山路12号盛世公馆', 'province': '江苏省', 'city': '南京市', 'area': '建邺区', 'telephone': '13851707073', 'detail': 1, 'uid': 'ec5bb78003f941744e776ee6', 'detail_info': {'tag': '酒店;其他', 'type': 'hotel', 'detail_url': 'http://api.map.baidu.com/place/detail?uid=ec5bb78003f941744e776ee6&output=html&source=placeapi_v2', 'overall_rating': '0.0', 'service_rating': '0.0', 'facility_rating': '0.0', 'hygiene_rating': '0.0', 'image_num': '41', 'comment_num': '0', 'favorite_num': '0', 'checkin_num': '0', 'children': [], 'lat': 32.01731156180787, 'lng': 118.74223854230608}}"
"{'name': '虹苑家庭公寓(南京六店)', 'location': {'lat': 32.017728196567305, 'lng': 118.74766497885835}, 'address': '应天大街虹苑新寓四村2幢6楼(近嵩山路)', 'province': '江苏省', 'city': '南京市', 'area': '建邺区', 'telephone': '18151921889', 'detail': 1, 'uid': '4711f3cf1d7669cc4f6d46c4', 'detail_info': {'tag': '酒店;公寓式酒店', 'type': 'hotel', 'detail_url': 'http://api.map.baidu.com/place/detail?uid=4711f3cf1d7669cc4f6d46c4&output=html&source=placeapi_v2', 'price': '0.0', 'overall_rating': '0.0', 'service_rating': '0.0', 'facility_rating': '0.0', 'hygiene_rating': '0.0', 'image_num': '28', 'comment_num': '0', 'favorite_num': '0', 'checkin_num': '0', 'children': [], 'lat': 32.017728196567305, 'lng': 118.74766497885835}}"
"{'name': 'OYO港际宾馆(南京奥体应天大街分店)', 'location': {'lat': 32.020228874230334, 'lng': 118.74168136024407}, 'address': '江苏省南京市建邺区应天大街837号,弘瑞广场8栋2楼(江苏城市职业学院正对面)', 'province': '江苏省', 'city': '南京市', 'area': '建邺区', 'street_id': 'd5517556dd4345494c3a59e4', 'telephone': '(025)86279998', 'detail': 1, 'uid': 'd5517556dd4345494c3a59e4', 'detail_info': {'tag': '酒店;其他', 'navi_location': {'lng': 118.75395142684, 'lat': 32.023895309163}, 'type': 'hotel', 'detail_url': 'http://api.map.baidu.com/place/detail?uid=d5517556dd4345494c3a59e4&output=html&source=placeapi_v2', 'overall_rating': '4.2', 'service_rating': '4.0', 'facility_rating': '4.0', 'hygiene_rating': '4.0', 'image_num': '200', 'comment_num': '32', 'favorite_num': '0', 'checkin_num': '0', 'children': [], 'lat': 32.020228874230334, 'lng': 118.74168136024407}}"
"{'name': '绿杨春生态酒店(庐山路店)', 'location': {'lat': 32.02029792266801, 'lng': 118.7382495591722}, 'address': '江苏省南京市建邺区庐山路18号', 'province': '江苏省', 'city': '南京市', 'area': '建邺区', 'street_id': '15ed53ced8eb7d4d9222e03d', 'telephone': '(025)66007888', 'detail': 1, 'uid': '15ed53ced8eb7d4d9222e03d', 'detail_info': {'tag': '美食;中餐厅', 'navi_location': {'lng': 118.75049253202, 'lat': 32.02395852365}, 'type': 'cater', 'detail_url': 'http://api.map.baidu.com/place/detail?uid=15ed53ced8eb7d4d9222e03d&output=html&source=placeapi_v2', 'price': '126.0', 'overall_rating': '4.3', 'comment_num': '200', 'children': [], 'lat': 32.02029792266801, 'lng': 118.7382495591722}}"
"{'name': '南京驿度空间青年公寓(万达广场店)', 'location': {'lat': 32.03166317255982, 'lng': 118.72926807409016}, 'address': '南京市建邺区燕山路与集庆门大街交叉路口东侧(万达西地)', 'province': '江苏省', 'city': '南京市', 'area': '建邺区', 'street_id': 'f96d7284b6b84fcd373a719d', 'telephone': '13913998281', 'detail': 1, 'uid': 'f96d7284b6b84fcd373a719d', 'detail_info': {'tag': '酒店;公寓式酒店', 'type': 'hotel', 'detail_url': 'http://api.map.baidu.com/place/detail?uid=f96d7284b6b84fcd373a719d&output=html&source=placeapi_v2', 'overall_rating': '3.6', 'service_rating': '3.8', 'facility_rating': '3.8', 'hygiene_rating': '3.8', 'image_num': '92', 'comment_num': '8', 'favorite_num': '0', 'checkin_num': '0', 'children': [], 'lat': 32.03166317255982, 'lng': 118.72926807409016}}"
"{'name': '南京博众快捷宾馆(河西店)', 'location': {'lat': 32.022259220473046, 'lng': 118.73763818066021}, 'address': '江苏省南京市建邺区应天大街879号', 'province': '江苏省', 'city': '南京市', 'area': '建邺区', 'street_id': '3a0a78bdadd39be362180997', 'telephone': '(025)86432668', 'detail': 1, 'uid': '3a0a78bdadd39be362180997', 'detail_info': {'tag': '酒店;快捷酒店', 'navi_location': {'lng': 118.74951733785, 'lat': 32.025909523035}, 'type': 'hotel', 'detail_url': 'http://api.map.baidu.com/place/detail?uid=3a0a78bdadd39be362180997&output=html&source=placeapi_v2', 'overall_rating': '2.1', 'service_rating': '3.0', 'facility_rating': '3.0', 'hygiene_rating': '3.0', 'image_num': '179', 'comment_num': '16', 'favorite_num': '0', 'checkin_num': '0', 'children': [], 'lat': 32.022259220473046, 'lng': 118.73763818066021}}"
"{'name': '意酒店(南京奥体中心兴隆大街地铁站店)', 'location': {'lat': 32.02139258402514, 'lng': 118.73182948963576}, 'address': '商业文化旅游中心区江东中路146号(地铁兴隆大街站1号出北行约200米)', 'province': '江苏省', 'city': '南京市', 'area': '建邺区', 'street_id': 'a0ab488121b9e70fb9df8fad', 'telephone': '(025)86658877', 'detail': 1, 'uid': 'a0ab488121b9e70fb9df8fad', 'detail_info': {'tag': '酒店;其他', 'navi_location': {'lng': 118.743717546, 'lat': 32.024911509179}, 'type': 'hotel', 'detail_url': 'http://api.map.baidu.com/place/detail?uid=a0ab488121b9e70fb9df8fad&output=html&source=placeapi_v2', 'overall_rating': '4.3', 'service_rating': '4.2', 'facility_rating': '4.2', 'hygiene_rating': '4.2', 'image_num': '200', 'comment_num': '200', 'favorite_num': '0', 'checkin_num': '0', 'children': [], 'lat': 32.02139258402514, 'lng': 118.73182948963576}}"
"{'name': '肯定精品酒店(南京庐山路店)', 'location': {'lat': 32.02101533558323, 'lng': 118.73995962826933}, 'address': '江苏省南京市建邺区应天大街849号', 'province': '江苏省', 'city': '南京市', 'area': '建邺区', 'street_id': 'd65f3debef1365c171455b8a', 'telephone': '(025)86303166', 'detail': 1, 'uid': 'd65f3debef1365c171455b8a', 'detail_info': {'tag': '酒店;其他', 'navi_location': {'lng': 118.75166531747, 'lat': 32.024774931287}, 'type': 'hotel', 'detail_url': 'http://api.map.baidu.com/place/detail?uid=d65f3debef1365c171455b8a&output=html&source=placeapi_v2', 'overall_rating': '3.4', 'service_rating': '3.3', 'facility_rating': '3.3', 'hygiene_rating': '3.3', 'image_num': '200', 'comment_num': '87', 'favorite_num': '0', 'checkin_num': '0', 'children': [], 'lat': 32.02101533558323, 'lng': 118.73995962826933}}"
"{'name': '腾旭宾馆(湖西街店)', 'location': {'lat': 32.02669214549193, 'lng': 118.74281117346166}, 'address': '江苏省南京市建邺区湖西街50号', 'province': '江苏省', 'city': '南京市', 'area': '建邺区', 'street_id': 'bbc2f69b92fc9ccaa8059d0d', 'telephone': '(025)86462547', 'detail': 1, 'uid': 'bbc2f69b92fc9ccaa8059d0d', 'detail_info': {'tag': '酒店;其他', 'navi_location': {'lng': 118.75469099997, 'lat': 32.030286016014}, 'type': 'hotel', 'detail_url': 'http://api.map.baidu.com/place/detail?uid=bbc2f69b92fc9ccaa8059d0d&output=html&source=placeapi_v2', 'overall_rating': '1.0', 'service_rating': '0.0', 'facility_rating': '0.0', 'hygiene_rating': '0.0', 'image_num': '90', 'comment_num': '4', 'favorite_num': '0', 'checkin_num': '0', 'children': [], 'lat': 32.02669214549193, 'lng': 118.74281117346166}}"
"{'name': '神秘私窦', 'location': {'lat': 32.027203477181104, 'lng': 118.73732259718767}, 'address': '江苏省南京市建邺区云锦路161号', 'province': '江苏省', 'city': '南京市', 'area': '建邺区', 'street_id': '', 'telephone': '18100625080,13915949399', 'detail': 1, 'uid': 'be924501b33ceb80a2d230bc', 'detail_info': {'tag': '酒店;民宿', 'type': 'hotel', 'detail_url': 'http://api.map.baidu.com/place/detail?uid=be924501b33ceb80a2d230bc&output=html&source=placeapi_v2', 'overall_rating': '5.0', 'service_rating': '4.8', 'facility_rating': '4.8', 'hygiene_rating': '4.8', 'image_num': '200', 'comment_num': '40', 'favorite_num': '0', 'checkin_num': '0', 'children': [], 'lat': 32.027203477181104, 'lng': 118.73732259718767}}"
"{'name': '幻彩宾馆', 'location': {'lat': 32.029889010722904, 'lng': 118.73909933360717}, 'address': '集庆门大街185号', 'province': '江苏省', 'city': '南京市', 'area': '建邺区', 'street_id': 'c11093d0eeb59bcdf1193742', 'telephone': '(025)52389929', 'detail': 1, 'uid': 'c11093d0eeb59bcdf1193742', 'detail_info': {'tag': '酒店;其他', 'navi_location': {'lng': 118.75095323698, 'lat': 32.033661013455}, 'type': 'hotel', 'detail_url': 'http://api.map.baidu.com/place/detail?uid=c11093d0eeb59bcdf1193742&output=html&source=placeapi_v2', 'price': '47.0', 'overall_rating': '3.0', 'service_rating': '0.0', 'facility_rating': '0.0', 'hygiene_rating': '0.0', 'image_num': '67', 'comment_num': '5', 'favorite_num': '0', 'checkin_num': '0', 'children': [], 'lat': 32.029889010722904, 'lng': 118.73909933360717}}"
"{'name': '朋来阁酒店', 'location': {'lat': 32.01974353784466, 'lng': 118.74281960408803}, 'address': '江苏省南京市建邺区应天大街835-2', 'province': '江苏省', 'city': '南京市', 'area': '建邺区', 'street_id': '8a684e4375a0e9b342d63eb6', 'detail': 1, 'uid': '8a684e4375a0e9b342d63eb6', 'detail_info': {'tag': '酒店;快捷酒店', 'type': 'hotel', 'detail_url': 'http://api.map.baidu.com/place/detail?uid=8a684e4375a0e9b342d63eb6&output=html&source=placeapi_v2', 'overall_rating': '5.0', 'service_rating': '0', 'facility_rating': '0', 'hygiene_rating': '0', 'image_num': '9', 'comment_num': '1', 'favorite_num': '0', 'checkin_num': '0', 'children': [], 'lat': 32.01974353784466, 'lng': 118.74281960408803}}"
"{'name': '文润连锁宾馆(湖西街店)', 'location': {'lat': 32.03116492629482, 'lng': 118.74460721445601}, 'address': '江苏省南京市建邺区湖西街94号', 'province': '江苏省', 'city': '南京市', 'area': '建邺区', 'street_id': 'c7fb04bd5ac8000cfa0cad4d', 'telephone': '(025)52257899', 'detail': 1, 'uid': 'c7fb04bd5ac8000cfa0cad4d', 'detail_info': {'tag': '酒店;其他', 'navi_location': {'lng': 118.75651391877, 'lat': 32.034775129847}, 'type': 'hotel', 'detail_url': 'http://api.map.baidu.com/place/detail?uid=c7fb04bd5ac8000cfa0cad4d&output=html&source=placeapi_v2', 'price': '191.0', 'overall_rating': '3.0', 'service_rating': '0.0', 'facility_rating': '0.0', 'hygiene_rating': '0.0', 'image_num': '76', 'comment_num': '12', 'favorite_num': '0', 'checkin_num': '0', 'children': [], 'lat': 32.03116492629482, 'lng': 118.74460721445601}}"
